{"cameraMode":{"drawMode":0,"name":"Shaded","section":"Shading Mode"},"sceneLighting":false,"audioPlay":false,"sceneViewState":{"m_AlwaysRefresh":false,"showFog":true,"showSkybox":false,"showFlares":true,"showImageEffects":true,"showParticleSystems":true,"showVisualEffectGraphs":true,"m_FxEnabled":true},"in2DMode":false,"pivot":{"x":0.0,"y":0.000014764489606022835,"z":-0.0024634678848087789},"rotation":{"x":0.00016599378432147205,"y":0.7706955075263977,"z":-0.6372470855712891,"w":0.0002477656817063689},"size":0.01336717139929533,"orthographic":true}