{"cameraMode":{"drawMode":0,"name":"Shaded","section":"Shading Mode"},"sceneLighting":false,"audioPlay":false,"sceneViewState":{"m_AlwaysRefresh":false,"showFog":true,"showSkybox":false,"showFlares":true,"showImageEffects":true,"showParticleSystems":true,"showVisualEffectGraphs":true,"m_FxEnabled":true},"in2DMode":false,"pivot":{"x":-14.327628135681153,"y":-0.27159786224365237,"z":21.235811233520509},"rotation":{"x":0.13465648889541627,"y":0.5606878995895386,"z":-0.09301568567752838,"w":0.8116929531097412},"size":1.7476119995117188,"orthographic":true}