{"cameraMode":{"drawMode":0,"name":"Shaded","section":"Shading Mode"},"sceneLighting":false,"audioPlay":false,"sceneViewState":{"m_AlwaysRefresh":false,"showFog":true,"showSkybox":false,"showFlares":true,"showImageEffects":true,"showParticleSystems":true,"showVisualEffectGraphs":true,"m_FxEnabled":true},"in2DMode":false,"pivot":{"x":0.24502287805080415,"y":-0.20251038670539857,"z":-0.11104791611433029},"rotation":{"x":0.08616895228624344,"y":0.7403525710105896,"z":-0.09671451151371002,"w":0.6596220135688782},"size":1.1813350915908814,"orthographic":true}