{"cameraMode":{"drawMode":0,"name":"Shaded","section":"Shading Mode"},"sceneLighting":false,"audioPlay":false,"sceneViewState":{"m_AlwaysRefresh":false,"showFog":true,"showSkybox":false,"showFlares":true,"showImageEffects":true,"showParticleSystems":true,"showVisualEffectGraphs":true,"m_FxEnabled":true},"in2DMode":false,"pivot":{"x":1.2732219696044922,"y":-0.1823425590991974,"z":0.037713147699832919},"rotation":{"x":-0.02388143166899681,"y":0.7028849720954895,"z":0.02362930215895176,"w":0.710514485836029},"size":1.1813350915908814,"orthographic":true}