{"cameraMode":{"drawMode":0,"name":"Shaded","section":"Shading Mode"},"sceneLighting":false,"audioPlay":false,"sceneViewState":{"m_AlwaysRefresh":false,"showFog":true,"showSkybox":false,"showFlares":true,"showImageEffects":true,"showParticleSystems":true,"showVisualEffectGraphs":true,"m_FxEnabled":true},"in2DMode":false,"pivot":{"x":-2.4584319591522219,"y":0.5592842102050781,"z":8.346738815307618},"rotation":{"x":0.5597184300422669,"y":0.08785799145698548,"z":-0.059836626052856448,"w":0.8218395709991455},"size":11.46729564666748,"orthographic":false}