{"cameraMode":{"drawMode":0,"name":"Shaded","section":"Shading Mode"},"sceneLighting":false,"audioPlay":false,"sceneViewState":{"m_AlwaysRefresh":false,"showFog":true,"showSkybox":false,"showFlares":true,"showImageEffects":true,"showParticleSystems":true,"showVisualEffectGraphs":true,"m_FxEnabled":true},"in2DMode":false,"pivot":{"x":1.4299554824829102,"y":1.3476357460021973,"z":-0.29179835319519045},"rotation":{"x":-0.2773344814777374,"y":0.46550291776657107,"z":-0.15633153915405274,"w":-0.8258076310157776},"size":2.3164494037628176,"orthographic":true}