{"cameraMode":{"drawMode":0,"name":"Shaded","section":"Shading Mode"},"sceneLighting":false,"audioPlay":false,"sceneViewState":{"m_AlwaysRefresh":false,"showFog":true,"showSkybox":false,"showFlares":true,"showImageEffects":true,"showParticleSystems":true,"showVisualEffectGraphs":true,"m_FxEnabled":true},"in2DMode":false,"pivot":{"x":0.20346546173095704,"y":0.07682991027832031,"z":-1.7010762691497803},"rotation":{"x":0.6721476316452026,"y":0.01887347735464573,"z":-0.01714351214468479,"w":0.7399820685386658},"size":3.2221858501434328,"orthographic":true}