{"cameraMode":{"drawMode":0,"name":"Shaded","section":"Shading Mode"},"sceneLighting":false,"audioPlay":false,"sceneViewState":{"m_AlwaysRefresh":false,"showFog":true,"showSkybox":true,"showFlares":true,"showImageEffects":true,"showParticleSystems":true,"showVisualEffectGraphs":true,"m_FxEnabled":true},"in2DMode":false,"pivot":{"x":0.8742040991783142,"y":-0.15437103807926179,"z":-1.8655036687850953},"rotation":{"x":-0.003875177353620529,"y":0.9558772444725037,"z":-0.2934877872467041,"w":-0.012621799483895302},"size":27.122364044189454,"orthographic":true}