{"cameraMode":{"drawMode":0,"name":"Shaded","section":"Shading Mode"},"sceneLighting":false,"audioPlay":false,"sceneViewState":{"m_AlwaysRefresh":false,"showFog":true,"showSkybox":true,"showFlares":true,"showImageEffects":true,"showParticleSystems":true,"showVisualEffectGraphs":true,"m_FxEnabled":true},"in2DMode":false,"pivot":{"x":-82.59977722167969,"y":-0.03634929656982422,"z":-17.365310668945314},"rotation":{"x":-0.029551012441515924,"y":-0.7956269979476929,"z":0.038934141397476199,"w":-0.6038368940353394},"size":2.6925570964813234,"orthographic":false}