{"cameraMode":{"drawMode":0,"name":"Shaded","section":"Shading Mode"},"sceneLighting":true,"audioPlay":false,"sceneViewState":{"m_AlwaysRefresh":false,"showFog":true,"showSkybox":true,"showFlares":true,"showImageEffects":true,"showParticleSystems":true,"showVisualEffectGraphs":true,"m_FxEnabled":true},"in2DMode":false,"pivot":{"x":1.6582374572753907,"y":-2.303668975830078,"z":1.8935234546661378},"rotation":{"x":0.32199424505233767,"y":0.25005584955215456,"z":-0.08859506994485855,"w":0.908819317817688},"size":2.4317524433135988,"orthographic":true}