{"cameraMode":{"drawMode":0,"name":"Shaded","section":"Shading Mode"},"sceneLighting":true,"audioPlay":false,"sceneViewState":{"m_AlwaysRefresh":false,"showFog":true,"showSkybox":true,"showFlares":true,"showImageEffects":true,"showParticleSystems":true,"showVisualEffectGraphs":true,"m_FxEnabled":true},"in2DMode":false,"pivot":{"x":2.8228020668029787,"y":-1.5966758728027344,"z":-1.5571339130401612},"rotation":{"x":0.3181946277618408,"y":-0.3946203887462616,"z":0.14786255359649659,"w":0.8492207527160645},"size":2.998614549636841,"orthographic":true}