{"cameraMode":{"drawMode":0,"name":"Shaded","section":"Shading Mode"},"sceneLighting":false,"audioPlay":false,"sceneViewState":{"m_AlwaysRefresh":false,"showFog":true,"showSkybox":false,"showFlares":true,"showImageEffects":true,"showParticleSystems":true,"showVisualEffectGraphs":true,"m_FxEnabled":true},"in2DMode":false,"pivot":{"x":0.38324975967407229,"y":-0.1762508749961853,"z":0.5279581546783447},"rotation":{"x":0.05611815303564072,"y":0.5694847106933594,"z":-0.03901072219014168,"w":0.8191614747047424},"size":1.5107940435409547,"orthographic":true}