{"cameraMode":{"drawMode":0,"name":"Shaded","section":"Shading Mode"},"sceneLighting":false,"audioPlay":false,"sceneViewState":{"m_AlwaysRefresh":false,"showFog":true,"showSkybox":false,"showFlares":true,"showImageEffects":true,"showParticleSystems":true,"showVisualEffectGraphs":true,"m_FxEnabled":true},"in2DMode":false,"pivot":{"x":-12.000447273254395,"y":0.0673040971159935,"z":16.238420486450197},"rotation":{"x":0.11618524044752121,"y":-0.8838008642196655,"z":0.32361453771591189,"w":0.31730881333351138},"size":5.548327922821045,"orthographic":true}