{"cameraMode":{"drawMode":0,"name":"Shaded","section":"Shading Mode"},"sceneLighting":false,"audioPlay":false,"sceneViewState":{"m_AlwaysRefresh":false,"showFog":true,"showSkybox":false,"showFlares":true,"showImageEffects":true,"showParticleSystems":true,"showVisualEffectGraphs":true,"m_FxEnabled":true},"in2DMode":false,"pivot":{"x":-12.000447273254395,"y":0.0673040971159935,"z":16.238420486450197},"rotation":{"x":0.0042446814477443699,"y":-0.7068872451782227,"z":0.004240243695676327,"w":0.7073058485984802},"size":2.204176187515259,"orthographic":true}