{"cameraMode":{"drawMode":0,"name":"Shaded","section":"Shading Mode"},"sceneLighting":false,"audioPlay":false,"sceneViewState":{"m_AlwaysRefresh":false,"showFog":true,"showSkybox":false,"showFlares":true,"showImageEffects":true,"showParticleSystems":true,"showVisualEffectGraphs":true,"m_FxEnabled":true},"in2DMode":false,"pivot":{"x":-6.5749053955078129,"y":0.060362786054611209,"z":11.995917320251465},"rotation":{"x":0.006223284639418125,"y":0.7776665091514587,"z":-0.007696785032749176,"w":0.6286073327064514},"size":1.6871459484100342,"orthographic":true}