{"cameraMode":{"drawMode":0,"name":"Shaded","section":"Shading Mode"},"sceneLighting":false,"audioPlay":false,"sceneViewState":{"m_AlwaysRefresh":false,"showFog":true,"showSkybox":false,"showFlares":true,"showImageEffects":true,"showParticleSystems":true,"showVisualEffectGraphs":true,"m_FxEnabled":true},"in2DMode":false,"pivot":{"x":0.3467594087123871,"y":0.05684518814086914,"z":0.5432887077331543},"rotation":{"x":0.567270815372467,"y":0.08486542105674744,"z":-0.05892309546470642,"w":0.8170249462127686},"size":2.3343942165374758,"orthographic":true}