{"cameraMode":{"drawMode":0,"name":"Shaded","section":"Shading Mode"},"sceneLighting":false,"audioPlay":false,"sceneViewState":{"m_AlwaysRefresh":false,"showFog":true,"showSkybox":false,"showFlares":true,"showImageEffects":true,"showParticleSystems":true,"showVisualEffectGraphs":true,"m_FxEnabled":true},"in2DMode":false,"pivot":{"x":12.300586700439454,"y":0.9876793622970581,"z":19.40137481689453},"rotation":{"x":-0.030573051422834398,"y":0.9693983197212219,"z":-0.17640036344528199,"w":-0.16800251603126527},"size":16.201644897460939,"orthographic":true}