{"cameraMode":{"drawMode":0,"name":"Shaded","section":"Shading Mode"},"sceneLighting":false,"audioPlay":false,"sceneViewState":{"m_AlwaysRefresh":false,"showFog":true,"showSkybox":false,"showFlares":true,"showImageEffects":true,"showParticleSystems":true,"showVisualEffectGraphs":true,"m_FxEnabled":true},"in2DMode":false,"pivot":{"x":2.6091957092285158,"y":0.07592093199491501,"z":16.35446548461914},"rotation":{"x":0.035818472504615787,"y":0.7890132665634155,"z":-0.046210214495658877,"w":0.6115964651107788},"size":1.7374417781829835,"orthographic":true}