{"cameraMode":{"drawMode":0,"name":"Shaded","section":"Shading Mode"},"sceneLighting":false,"audioPlay":false,"sceneViewState":{"m_AlwaysRefresh":false,"showFog":true,"showSkybox":false,"showFlares":true,"showImageEffects":true,"showParticleSystems":true,"showVisualEffectGraphs":true,"m_FxEnabled":true},"in2DMode":false,"pivot":{"x":0.22445392608642579,"y":1.1776423454284669,"z":-0.5356094837188721},"rotation":{"x":-0.17052578926086427,"y":0.7149454951286316,"z":-0.1870531141757965,"w":-0.6517655253410339},"size":2.224416494369507,"orthographic":true}