{"cameraMode":{"drawMode":0,"name":"Shaded","section":"Shading Mode"},"sceneLighting":false,"audioPlay":false,"sceneViewState":{"m_AlwaysRefresh":false,"showFog":true,"showSkybox":false,"showFlares":true,"showImageEffects":true,"showParticleSystems":true,"showVisualEffectGraphs":true,"m_FxEnabled":true},"in2DMode":false,"pivot":{"x":0.8894963264465332,"y":0.3090308904647827,"z":-0.14521753787994386},"rotation":{"x":-0.07286247611045838,"y":0.7854616045951843,"z":-0.09423098713159561,"w":-0.6073431372642517},"size":2.212209463119507,"orthographic":true}