{"cameraMode":{"drawMode":0,"name":"Shaded","section":"Shading Mode"},"sceneLighting":false,"audioPlay":false,"sceneViewState":{"m_AlwaysRefresh":false,"showFog":true,"showSkybox":false,"showFlares":true,"showImageEffects":true,"showParticleSystems":true,"showVisualEffectGraphs":true,"m_FxEnabled":true},"in2DMode":false,"pivot":{"x":0.19611787796020509,"y":-0.08549767732620239,"z":-1.6340802907943726},"rotation":{"x":0.0981234684586525,"y":0.7129016518592835,"z":-0.10184372216463089,"w":0.6868603825569153},"size":2.882232904434204,"orthographic":true}