{"cameraMode":{"drawMode":0,"name":"Shaded","section":"Shading Mode"},"sceneLighting":false,"audioPlay":false,"sceneViewState":{"m_AlwaysRefresh":false,"showFog":true,"showSkybox":false,"showFlares":true,"showImageEffects":true,"showParticleSystems":true,"showVisualEffectGraphs":true,"m_FxEnabled":true},"in2DMode":false,"pivot":{"x":-1.4665203094482422,"y":-0.24938476085662843,"z":15.393719673156739},"rotation":{"x":-0.1326904594898224,"y":0.8474220037460327,"z":-0.25049030780792239,"w":-0.4489719867706299},"size":15.720528602600098,"orthographic":true}