{"cameraMode":{"drawMode":0,"name":"Shaded","section":"Shading Mode"},"sceneLighting":false,"audioPlay":false,"sceneViewState":{"m_AlwaysRefresh":false,"showFog":true,"showSkybox":false,"showFlares":true,"showImageEffects":true,"showParticleSystems":true,"showVisualEffectGraphs":true,"m_FxEnabled":true},"in2DMode":false,"pivot":{"x":0.5499999523162842,"y":0.20000004768371583,"z":-2.4243905544281008},"rotation":{"x":0.023968175053596498,"y":-0.6724604964256287,"z":0.021788636222481729,"w":0.7394326329231262},"size":4.247470378875732,"orthographic":true}